status,source_page,anchor_text,broken_target
404,https://insurancy.com/car-insurance/6-month-vs-12-month-auto-insurance-policies/,each auto insurance company uses a different formula to calculate premium rates,https://www.iii.org/article/how-save-money-car-insurance
404,https://insurancy.com/car-insurance/6-month-vs-12-month-auto-insurance-policies/,can vary based on a number of factors,https://www.iii.org/article/what-determines-price-my-auto-insurance-policy
404,https://insurancy.com/car-insurance/auto-insurance-for-a-rebuilt-title/,declare it to be a total loss,https://www.iii.org/article/what-covered-collision-insurance
404,https://insurancy.com/car-insurance/auto-insurance-for-a-rebuilt-title/,expect the insurance to be a little cheaper,https://www.iii.org/article/what-determines-price-my-auto-insurance-policy
404,https://insurancy.com/car-insurance/auto-insurance-without-license/,it pays to shop around,https://www.iii.org/article/how-save-money-car-insurance
404,https://insurancy.com/car-insurance/best-car-insurance-for-16-year-olds/,Factors that can impact the cost of coverage,https://www.iii.org/article/what-determines-price-my-auto-insurance-policy
404,https://insurancy.com/car-insurance/best-car-insurance-for-19-year-olds/,one factor in determining the cost of insurance,https://www.iii.org/article/what-determines-price-my-auto-insurance-policy
404,https://insurancy.com/car-insurance/best-car-insurance-for-20-year-olds/,good student discounts,https://www.iii.org/article/students
404,https://insurancy.com/car-insurance/best-car-insurance-for-20-year-olds/,what factors may most impact,https://www.iii.org/article/what-determines-price-my-auto-insurance-policy
404,https://insurancy.com/car-insurance/best-car-insurance-for-22-year-olds/,good student discount,https://www.iii.org/article/students
404,https://insurancy.com/car-insurance/best-car-insurance-for-22-year-olds/,can impact your auto insurance rates,https://www.iii.org/article/what-determines-price-my-auto-insurance-policy
404,https://insurancy.com/car-insurance/can-you-insure-a-car-you-dont-own/,typically covers liability,https://www.iii.org/article/what-auto-insurance
404,https://insurancy.com/car-insurance/car-insurance-mesa-az/,discounts available to Mesa drivers,https://www.iii.org/article/how-save-money-car-insurance
404,https://insurancy.com/car-insurance/car-insurance-rates-for-married-vs-single-drivers/,"shopping around, doing your homework, and comparing quotes",https://www.iii.org/article/how-save-money-car-insurance
404,https://insurancy.com/car-insurance/car-insurance-rates-for-married-vs-single-drivers/,marital status is one of many factors they use to assess risk,https://www.iii.org/article/what-determines-price-my-auto-insurance-policy
404,https://insurancy.com/car-insurance/car-insurance-tucson/,shop around and compare rates from different providers,https://www.iii.org/article/how-save-money-car-insurance
404,https://insurancy.com/car-insurance/cheap-car-insurance-arizona/,The city you live in impacts,https://www.iii.org/article/what-determines-price-my-auto-insurance-policy
404,https://insurancy.com/car-insurance/does-auto-insurance-follow-car-or-driver/,general auto insurance policy,https://www.iii.org/article/what-auto-insurance
404,https://insurancy.com/car-insurance/how-to-find-car-insurance-when-moving-to-a-new-state/,rates are determined in part by your zip code,https://www.iii.org/article/what-determines-price-my-auto-insurance-policy
404,https://insurancy.com/car-insurance/understanding-collision-auto-insurance-coverage/,depends on the details of your policy,https://www.iii.org/article/understanding-your-insurance-deductible
404,https://insurancy.com/car-insurance/understanding-collision-auto-insurance-coverage/,cover damages that you might incur if your vehicle is involved in an accident,https://www.iii.org/article/what-covered-collision-insurance
404,https://insurancy.com/car-insurance/understanding-comprehensive-auto-insurance/,choose the deductible you prefer,https://www.iii.org/article/understanding-your-insurance-deductible
404,https://insurancy.com/car-insurance/understanding-comprehensive-auto-insurance/,damage in any event other than a collision,https://www.iii.org/article/what-covered-comprehensive-auto-insurance
404,https://insurancy.com/car-insurance/what-is-the-best-car-insurance-for-commuters/,You shouldn’t buy the first policy,https://www.iii.org/article/how-save-money-car-insurance
404,https://insurancy.com/car-insurance/what-is-the-best-car-insurance-for-commuters/,its own limit on the number of miles,https://www.iii.org/article/what-determines-price-my-auto-insurance-policy
404,https://insurancy.com/car-insurance/what-is-the-best-insurance-policy-for-a-leased-car/,Gap insurance stands for guaranteed asset protection,https://www.iii.org/article/what-gap-insurance
404,https://insurancy.com/car-insurance/what-to-do-if-you-get-pulled-over-for-dui/,your auto insurance premiums to rise,https://www.iii.org/article/do-auto-insurance-premiums-go-after-claim
404,https://insurancy.com/car-insurance/what-to-do-if-you-get-pulled-over-while-high-on-marijuana/,The legalization of marijuana and its medicinal use,https://www.iii.org/article/what-marijuana-legalization-means-for-auto-insurance
404,https://insurancy.com/car-insurance/what-to-do-when-you-get-in-a-car-accident/,Contact your insurance company as soon as possible,https://www.iii.org/article/how-file-auto-insurance-claim
404,https://insurancy.com/car-insurance/what-to-do-when-you-get-in-a-car-accident/,exchange information with the other driver,https://www.iii.org/article/what-do-at-scene-accident
404,https://insurancy.com/car-insurance/why-compare-auto-insurance-quotes-online/,Comparison shopping for car insurance,https://www.iii.org/article/how-save-money-car-insurance
404,https://insurancy.com/car-insurance/why-do-you-need-insurance-for-a-rental-car/,Rental car insurance provides coverage when you drive a rental vehicle,https://www.iii.org/article/should-i-buy-rental-car-insurance
404,https://insurancy.com/finance/personal-loan-protection-insurance/,personal loans,https://instantloanonline.net/blog/guide-to-personal-loans/
404,https://insurancy.com/guides/health-resources-for-end-of-life-care/,Tips for Finding a Lost Life Insurance Policy,https://www.iii.org/article/how-can-i-locate-lost-life-insurance-policy
404,https://insurancy.com/life-insurance/buy-term-and-invest-the-difference-btid/,buying life insurance vs. saving,https://www.shopaholly.com/finance/beginners-guide-to-buying-life-insurance-online/
404,https://insurancy.com/life-insurance/health-conditions/cancer/,final expense policy,https://quote.insurancy.com/quote/final_expense/
404,https://insurancy.com/life-insurance/health-conditions/cancer/,guaranteed issue life insurance,https://quote.insurancy.com/quote/guaranteed/_issue
404,https://insurancy.com/life-insurance/health-conditions/diabetes/,American Diabetes Association,https://www.diabetes.org/diabetes-basics/type-1/
404,https://insurancy.com/life-insurance/health-conditions/diabetes/,American Diabetes Association,https://www.diabetes.org/diabetes-basics/type-2
404,https://insurancy.com/life-insurance/is-primerica-a-pyramid-scheme/,saying that it is short-sighted and not always the best fit for every customer,https://www.investmentnews.com/article/20150728/BLOG05/150729897/new-life-insurance-study-debunks-buy-term-invest-the-difference
404,https://insurancy.com/life-insurance/mortgage-life-insurance/,Accidental Quote,https://quote.insurancy.com/quote/accidental_death/
404,https://insurancy.com/life-insurance/reviews/bestow/,Bestow,https://agent-quote.bestow.com/ac174754
404,https://insurancy.com/life-insurance/reviews/bestow/,Get a Bestow Quote,https://agent-quote.bestow.com/ac174754
404,https://insurancy.com/life-insurance/reviews/columbian/,Elite Term Brochure,https://www.northamericancompany.com/documents/434862/4c60097f-fe08-7d3f-9617-b8c1b52b0c71
404,https://insurancy.com/life-insurance/reviews/north-american-company/,Elite Term Brochure,https://www.northamericancompany.com/documents/434862/4c60097f-fe08-7d3f-9617-b8c1b52b0c71
404,https://insurancy.com/life-insurance/reviews/primerica/,Bestow insurance,https://agent-quote.bestow.com/ac174754
404,https://insurancy.com/life-insurance/riders/long-term-care/,nursing home care costs,https://www.payingforseniorcare.com/longtermcare/paying-for-nursing-homes.html
404,https://insurancy.com/life-insurance/underwriting-your-life-insurance-application/,Annual Global Road Crash Statistics,https://www.asirt.org/safe-travel/road-safety-facts/
404,https://insurancy.com/life-insurance/washington-state-long-term-care-tax/,considered self-employed,https://paidleave.wa.gov/help-center/self-employed/
404,https://insurancy.com/life-insurance/washington-state-long-term-care-tax/,Washington State Hospital Association,https://www.wsha.org/articles/new-state-employee-payroll-tax-law-for-long-term-care-benefits/
404,https://insurancy.com/life-insurance/what-is-a-viatical-settlement/,licensed providers,https://www.ncdoi.gov/media/21/open
404,https://insurancy.com/medicare/medicare-vs-medicaid-whats-the-difference/,list of state MSP websites,https://www.medicare.gov/Contacts/staticpages/msps.aspx
